{"user": {"<@!730749423251882106>": {"rating": 1570.9681316516535, "diff": 70.9681316516535, "match": 2}, "<@!469154605897613331>": {"rating": 1537.5, "diff": 37.5, "match": 1}, "<@!696355815778418729>": {"rating": 1537.5, "diff": 37.5, "match": 1}, "<@!513680721941102607>": {"rating": 1537.5, "diff": 37.5, "match": 1}, "<@!879293660880068609>": {"rating": 1537.5, "diff": 37.5, "match": 1}, "<@!702357853729587200>": {"rating": 1500, "diff": 0, "match": 0}, "<@!809074842552107019>": {"rating": 1500.0, "diff": 0.0, "match": 2}, "<@!851826801629200435>": {"rating": 1466.5318683483465, "diff": -33.46813165165349, "match": 1}, "<@!815530670045528065>": {"rating": 1462.5, "diff": -37.5, "match": 1}, "<@!774490843721498685>": {"rating": 1425.0, "diff": -75.0, "match": 2}}}