{"user": {"<@!797466835393052742>": {"rating": 1536.82798714482, "diff": 36.8279871448201, "match": 6}, "<@!740475107947839508>": {"rating": 1526.611937624156, "diff": 26.6119376241561, "match": 5}, "<@!867795310252523582>": {"rating": 1526.5600752310238, "diff": 26.560075231023802, "match": 1}}}